<Customization level="500" description="CWLICENSING[19.207.0026][19R2.2021.02.01]" product-version="22.106">
    <File AppRelativePath="Bin\Crestwood.Utilities.Licensing.Acumatica.dll" />
    <File AppRelativePath="Pages\CW\CWLC1000.aspx" />
    <File AppRelativePath="Pages\CW\CWLC1000.aspx.cs" />
    <SiteMapNode>
        <data-set>
            <relations format-version="3" relations-version="20190730" main-table="SiteMap">
                <link from="MUIScreen (NodeID)" to="SiteMap (NodeID)" />
                <link from="MUIWorkspace (WorkspaceID)" to="MUIScreen (WorkspaceID)" type="FromMaster" linkname="workspaceToScreen" split-location="yes" updateable="True" />
                <link from="MUISubcategory (SubcategoryID)" to="MUIScreen (SubcategoryID)" type="FromMaster" updateable="True" />
                <link from="MUITile (ScreenID)" to="SiteMap (ScreenID)" />
                <link from="MUIWorkspace (WorkspaceID)" to="MUITile (WorkspaceID)" type="FromMaster" linkname="workspaceToTile" split-location="yes" updateable="True" />
                <link from="MUIArea (AreaID)" to="MUIWorkspace (AreaID)" type="FromMaster" updateable="True" />
                <link from="MUIPinnedScreen (NodeID, WorkspaceID)" to="MUIScreen (NodeID, WorkspaceID)" type="WeakIfEmpty" isEmpty="Username" />
                <link from="MUIFavoriteWorkspace (WorkspaceID)" to="MUIWorkspace (WorkspaceID)" type="WeakIfEmpty" isEmpty="Username" />
            </relations>
            <layout>
                <table name="SiteMap">
                    <table name="MUIScreen" uplink="(NodeID) = (NodeID)">
                        <table name="MUIPinnedScreen" uplink="(NodeID, WorkspaceID) = (NodeID, WorkspaceID)" />
                    </table>
                    <table name="MUITile" uplink="(ScreenID) = (ScreenID)" />
                </table>
                <table name="MUIWorkspace">
                    <table name="MUIFavoriteWorkspace" uplink="(WorkspaceID) = (WorkspaceID)" />
                </table>
                <table name="MUISubcategory" />
                <table name="MUIArea" />
            </layout>
            <data>
                <SiteMap>
                    <row Position="2" Title="Crestwood Licensing" Url="~/Pages/CW/CWLC1000.aspx" ScreenID="CWLC1000" NodeID="1ac0bf06-c03f-4214-a3da-e5291dc72f34" ParentID="48947126-dc84-4f2b-97ad-08c353a0e750">
                        <MUIScreen IsPortal="0" WorkspaceID="51ce11c7-dfb9-4637-8c8a-917b358e413c" Order="40" SubcategoryID="6143ff74-6ddb-4eb7-83a1-dc2e88ef87b4" />
                    </row>
                </SiteMap>
                <MUIWorkspace>
                    <row IsPortal="0" WorkspaceID="51ce11c7-dfb9-4637-8c8a-917b358e413c" Order="784.5" Title="System Management" Icon="poll" AreaID="3635ea7d-0975-48ff-b4ac-a870f7e1e8b5" ScreenID="WSSM0000" IsSystem="0" />
                </MUIWorkspace>
                <MUISubcategory>
                    <row IsPortal="0" SubcategoryID="6143ff74-6ddb-4eb7-83a1-dc2e88ef87b4" Order="320" Name="Licensing" Icon="" IsSystem="0" />
                </MUISubcategory>
                <MUIArea>
                    <row IsPortal="0" AreaID="3635ea7d-0975-48ff-b4ac-a870f7e1e8b5" Order="30" Name="Configuration" />
                </MUIArea>
            </data>
        </data-set>
    </SiteMapNode>
    <Sql TableName="CWLicensing" TableSchemaXml="#CDATA">
        <CDATA name="TableSchemaXml"><![CDATA[<table name="CWLicensing">
  <col name="LicenseID" type="Int" identity="true" />
  <col name="ProductID" type="NVarChar(256)" />
  <col name="CustomerCode" type="NVarChar(256)" />
  <col name="LicenseKey" type="NVarChar(128)" nullable="true" />
  <col name="LastChecked" type="Int" nullable="true" />
  <col name="CurrentStatus" type="Int" />
  <col name="CreatedByID" type="UniqueIdentifier" />
  <col name="CreatedDateTime" type="DateTime" />
  <col name="CreatedByScreenID" type="Char(8)" />
  <col name="LastModifiedByID" type="UniqueIdentifier" />
  <col name="LastModifiedByScreenID" type="Char(8)" />
  <col name="LastModifiedDateTime" type="DateTime" />
  <col name="tstamp" type="Timestamp" />
  <col name="NoteID" type="UniqueIdentifier" nullable="true" />
  <col name="ServerDownChecked" type="Int" default="Zero" />
  <col name="ServerLogTrace" type="NVarChar(MAX)" nullable="true" />
  <col name="PeriodGraceChecked" type="Int" nullable="true" default="Zero" />
  <index name="PK_CWLicensing" clustered="true" primary="true" unique="true">
    <col name="LicenseID" />
    <col name="ProductID" />
  </index>
</table>]]></CDATA>
    </Sql>
</Customization>