<Customization level="0" description="CADTalk Customization Project" product-version="22.106">
    <EntityEndpoint>
        <Endpoint xmlns:xsd="http://www.w3.org/2001/XMLSchema" xmlns:xsi="http://www.w3.org/2001/XMLSchema-instance" name="CADTalk" version="18.200.001" systemContractVersion="3" xmlns="http://www.acumatica.com/entity/maintenance/5.31">
            <ExtendsEndpoint name="Default" version="18.200.001" />
            <TopLevelEntity name="BillOfMaterial" screen="AM208000">
                <Fields>
                    <Field name="Active" type="BooleanValue" />
                    <Field name="BOMID" type="StringValue" />
                    <Field name="Description" type="StringValue" />
                    <Field name="EndDate" type="DateTimeValue" />
                    <Field name="Hold" type="BooleanValue" />
                    <Field name="InventoryID" type="StringValue" />
                    <Field name="Operations" type="Operation[]" />
                    <Field name="Revision" type="StringValue" />
                    <Field name="StartDate" type="DateTimeValue" />
                    <Field name="Status" type="StringValue" />
                    <Field name="Subitem" type="StringValue" />
                    <Field name="Warehouse" type="StringValue" />
                </Fields>
                <Mappings>
                    <Mapping field="Status">
                        <To object="Documents" field="Status" />
                    </Mapping>
                    <Mapping field="Subitem">
                        <To object="Documents" field="SubItemID" />
                    </Mapping>
                    <Mapping field="Warehouse">
                        <To object="Documents" field="SiteID" />
                    </Mapping>
                    <Mapping field="BOMID">
                        <To object="Documents" field="BOMID" />
                    </Mapping>
                    <Mapping field="Description">
                        <To object="Documents" field="Descr" />
                    </Mapping>
                    <Mapping field="EndDate">
                        <To object="Documents" field="EffEndDate" />
                    </Mapping>
                    <Mapping field="Hold">
                        <To object="Documents" field="Hold" />
                    </Mapping>
                    <Mapping field="InventoryID">
                        <To object="Documents" field="InventoryID" />
                    </Mapping>
                    <Mapping field="Operations">
                        <Mapping field="BackflushLabor">
                            <To object="BomOperRecords" field="BFlush" />
                        </Mapping>
                        <Mapping field="QueueTime">
                            <To object="BomOperRecords" field="QueueTime" />
                        </Mapping>
                        <Mapping field="Revision">
                            <To object="BomOperRecords" field="RevisionID" />
                        </Mapping>
                        <Mapping field="RunTime">
                            <To object="BomOperRecords" field="RunUnitTime" />
                        </Mapping>
                        <Mapping field="RunUnits">
                            <To object="BomOperRecords" field="RunUnits" />
                        </Mapping>
                        <Mapping field="ScrapAction">
                            <To object="BomOperRecords" field="ScrapAction" />
                        </Mapping>
                        <Mapping field="SetupTime">
                            <To object="BomOperRecords" field="SetupTime" />
                        </Mapping>
                        <Mapping field="Steps">
                            <Mapping field="BOMID">
                                <To object="BomStepRecords" field="BOMID" />
                            </Mapping>
                            <Mapping field="Description">
                                <To object="BomStepRecords" field="Descr" />
                            </Mapping>
                            <Mapping field="LineID">
                                <To object="BomStepRecords" field="LineID" />
                            </Mapping>
                            <Mapping field="OperationID">
                                <To object="BomStepRecords" field="OperationID" />
                            </Mapping>
                            <Mapping field="Revision">
                                <To object="BomStepRecords" field="RevisionID" />
                            </Mapping>
                        </Mapping>
                        <Mapping field="Tools">
                            <Mapping field="BOMID">
                                <To object="BomToolRecords" field="BOMID" />
                            </Mapping>
                            <Mapping field="Description">
                                <To object="BomToolRecords" field="Descr" />
                            </Mapping>
                            <Mapping field="LineID">
                                <To object="BomToolRecords" field="LineID" />
                            </Mapping>
                            <Mapping field="OperationID">
                                <To object="BomToolRecords" field="OperationID" />
                            </Mapping>
                            <Mapping field="QtyRequired">
                                <To object="BomToolRecords" field="QtyReq" />
                            </Mapping>
                            <Mapping field="Revision">
                                <To object="BomToolRecords" field="RevisionID" />
                            </Mapping>
                            <Mapping field="ToolID">
                                <To object="BomToolRecords" field="ToolID" />
                            </Mapping>
                            <Mapping field="UnitCost">
                                <To object="BomToolRecords" field="UnitCost" />
                            </Mapping>
                        </Mapping>
                        <Mapping field="WorkCenter">
                            <To object="BomOperRecords" field="WcID" />
                        </Mapping>
                        <Mapping field="BOMID">
                            <To object="BomOperRecords" field="BOMID" />
                        </Mapping>
                        <Mapping field="MachineTime">
                            <To object="BomOperRecords" field="MachineUnitTime" />
                        </Mapping>
                        <Mapping field="MachineUnits">
                            <To object="BomOperRecords" field="MachineUnits" />
                        </Mapping>
                        <Mapping field="Materials">
                            <Mapping field="Backflush">
                                <To object="BomMatlRecords" field="BFlush" />
                            </Mapping>
                            <Mapping field="InventoryID">
                                <To object="BomMatlRecords" field="InventoryID" />
                            </Mapping>
                            <Mapping field="LineNbr">
                                <To object="BomMatlRecords" field="LineID" />
                            </Mapping>
                            <Mapping field="LineOrder">
                                <To object="BomMatlRecords" field="SortOrder" />
                            </Mapping>
                            <Mapping field="Location">
                                <To object="BomMatlRecords" field="LocationID" />
                            </Mapping>
                            <Mapping field="MaterialType">
                                <To object="BomMatlRecords" field="MaterialType" />
                            </Mapping>
                            <Mapping field="OperationID">
                                <To object="BomMatlRecords" field="OperationID" />
                            </Mapping>
                            <Mapping field="PhantomRouting">
                                <To object="BomMatlRecords" field="PhantomRouting" />
                            </Mapping>
                            <Mapping field="PlannedCost">
                                <To object="BomMatlRecords" field="PlanCost" />
                            </Mapping>
                            <Mapping field="QtyRequired">
                                <To object="BomMatlRecords" field="QtyReq" />
                            </Mapping>
                            <Mapping field="Revision">
                                <To object="BomMatlRecords" field="RevisionID" />
                            </Mapping>
                            <Mapping field="BatchSize">
                                <To object="BomMatlRecords" field="BatchSize" />
                            </Mapping>
                            <Mapping field="ScrapFactor">
                                <To object="BomMatlRecords" field="ScrapFactor" />
                            </Mapping>
                            <Mapping field="Subitem">
                                <To object="BomMatlRecords" field="SubItemID" />
                            </Mapping>
                            <Mapping field="UnitCost">
                                <To object="BomMatlRecords" field="UnitCost" />
                            </Mapping>
                            <Mapping field="UOM">
                                <To object="BomMatlRecords" field="UOM" />
                            </Mapping>
                            <Mapping field="Warehouse">
                                <To object="BomMatlRecords" field="SiteID" />
                            </Mapping>
                            <Mapping field="BOMID">
                                <To object="BomMatlRecords" field="BOMID" />
                            </Mapping>
                            <Mapping field="BubbleNbr">
                                <To object="BomMatlRecords" field="BubbleNbr" />
                            </Mapping>
                            <Mapping field="CompBOMID">
                                <To object="BomMatlRecords" field="CompBOMID" />
                            </Mapping>
                            <Mapping field="CompBOMRevision">
                                <To object="BomMatlRecords" field="CompBOMRevisionID" />
                            </Mapping>
                            <Mapping field="Description">
                                <To object="BomMatlRecords" field="Descr" />
                            </Mapping>
                            <Mapping field="EffectiveDate">
                                <To object="BomMatlRecords" field="EffDate" />
                            </Mapping>
                            <Mapping field="ExpirationDate">
                                <To object="BomMatlRecords" field="ExpDate" />
                            </Mapping>
                        </Mapping>
                        <Mapping field="OperationDBID">
                            <To object="BomOperRecords" field="OperationID" />
                        </Mapping>
                        <Mapping field="OperationDescription">
                            <To object="BomOperRecords" field="Descr" />
                        </Mapping>
                        <Mapping field="OperationID">
                            <To object="BomOperRecords" field="OperationCD" />
                        </Mapping>
                        <Mapping field="Overhead">
                            <Mapping field="BOMID">
                                <To object="BomOvhdRecords" field="BOMID" />
                            </Mapping>
                            <Mapping field="Description">
                                <To object="BomOvhdRecords" field="AMOverhead__Descr" />
                            </Mapping>
                            <Mapping field="Factor">
                                <To object="BomOvhdRecords" field="OFactor" />
                            </Mapping>
                            <Mapping field="LineID">
                                <To object="BomOvhdRecords" field="LineID" />
                            </Mapping>
                            <Mapping field="OperationID">
                                <To object="BomOvhdRecords" field="OperationID" />
                            </Mapping>
                            <Mapping field="OverheadID">
                                <To object="BomOvhdRecords" field="OvhdID" />
                            </Mapping>
                            <Mapping field="Revision">
                                <To object="BomOvhdRecords" field="RevisionID" />
                            </Mapping>
                            <Mapping field="Type">
                                <To object="BomOvhdRecords" field="AMOverhead__OvhdType" />
                            </Mapping>
                        </Mapping>
                    </Mapping>
                    <Mapping field="Revision">
                        <To object="Documents" field="RevisionID" />
                    </Mapping>
                    <Mapping field="StartDate">
                        <To object="Documents" field="EffStartDate" />
                    </Mapping>
                </Mappings>
            </TopLevelEntity>
            <Detail name="BOMAttributeDetail">
                <Fields>
                    <Field name="AttributeID" type="StringValue" />
                    <Field name="BOMID" type="StringValue" />
                    <Field name="Description" type="StringValue" />
                    <Field name="Enabled" type="BooleanValue" />
                    <Field name="Label" type="StringValue" />
                    <Field name="Level" type="StringValue" />
                    <Field name="LineNbr" type="IntValue" />
                    <Field name="OperationID" type="StringValue" />
                    <Field name="OrderFunction" type="StringValue" />
                    <Field name="Revision" type="StringValue" />
                    <Field name="TransactionRequired" type="BooleanValue" />
                    <Field name="Value" type="StringValue" />
                </Fields>
            </Detail>
            <TopLevelEntity name="BOMAttributes" screen="AM208500">
                <Fields>
                    <Field name="Attributes" type="BOMAttributeDetail[]" />
                    <Field name="BOMID" type="StringValue" />
                    <Field name="Revision" type="StringValue" />
                </Fields>
                <Mappings>
                    <Mapping field="Attributes">
                        <Mapping field="AttributeID">
                            <To object="BomAttributes" field="AttributeID" />
                        </Mapping>
                        <Mapping field="Revision">
                            <To object="BomAttributes" field="RevisionID" />
                        </Mapping>
                        <Mapping field="TransactionRequired">
                            <To object="BomAttributes" field="TransactionRequired" />
                        </Mapping>
                        <Mapping field="Value">
                            <To object="BomAttributes" field="Value" />
                        </Mapping>
                        <Mapping field="BOMID">
                            <To object="BomAttributes" field="BOMID" />
                        </Mapping>
                        <Mapping field="Description">
                            <To object="BomAttributes" field="Descr" />
                        </Mapping>
                        <Mapping field="Enabled">
                            <To object="BomAttributes" field="Enabled" />
                        </Mapping>
                        <Mapping field="Label">
                            <To object="BomAttributes" field="Label" />
                        </Mapping>
                        <Mapping field="Level">
                            <To object="BomAttributes" field="Level" />
                        </Mapping>
                        <Mapping field="LineNbr">
                            <To object="BomAttributes" field="LineNbr" />
                        </Mapping>
                        <Mapping field="OperationID">
                            <To object="BomAttributes" field="OperationID" />
                        </Mapping>
                        <Mapping field="OrderFunction">
                            <To object="BomAttributes" field="OrderFunction" />
                        </Mapping>
                    </Mapping>
                    <Mapping field="BOMID">
                        <To object="Documents" field="BOMID" />
                    </Mapping>
                    <Mapping field="Revision">
                        <To object="Documents" field="RevisionID" />
                    </Mapping>
                </Mappings>
            </TopLevelEntity>
            <TopLevelEntity name="BOMPreference1" screen="AM101000">
                <Fields>
                    <Field name="AllowEmptyBOMItemSubItemID" type="BooleanValue" />
                    <Field name="BOMNumberingSequence" type="StringValue" />
                    <Field name="DefaultRevision" type="StringValue" />
                    <Field name="DefaultWorkCenter" type="StringValue" />
                    <Field name="DuplicatesonBOM" type="StringValue" />
                    <Field name="DuplicatesonOperation" type="StringValue" />
                    <Field name="OperationTimeFormat" type="StringValue" />
                    <Field name="TotalTimeFormat" type="StringValue" />
                </Fields>
                <Mappings>
                    <Mapping field="AllowEmptyBOMItemSubItemID">
                        <To object="AMBSetupRecord" field="AllowEmptyBOMSubItemID" />
                    </Mapping>
                    <Mapping field="BOMNumberingSequence">
                        <To object="AMBSetupRecord" field="BOMNumberingID" />
                    </Mapping>
                    <Mapping field="DefaultRevision">
                        <To object="AMBSetupRecord" field="DefaultRevisionID" />
                    </Mapping>
                    <Mapping field="DefaultWorkCenter">
                        <To object="AMBSetupRecord" field="WcID" />
                    </Mapping>
                    <Mapping field="DuplicatesonBOM">
                        <To object="AMBSetupRecord" field="DupInvBOM" />
                    </Mapping>
                    <Mapping field="DuplicatesonOperation">
                        <To object="AMBSetupRecord" field="DupInvOper" />
                    </Mapping>
                    <Mapping field="OperationTimeFormat">
                        <To object="AMBSetupRecord" field="OperationTimeFormat" />
                    </Mapping>
                    <Mapping field="TotalTimeFormat">
                        <To object="AMBSetupRecord" field="ProductionTimeFormat" />
                    </Mapping>
                </Mappings>
            </TopLevelEntity>
            <TopLevelEntity name="Companies" screen="CS101500" />
            <TopLevelEntity name="Machine" screen="AM204500">
                <Fields>
                    <Field name="Account" type="StringValue" />
                    <Field name="Active" type="BooleanValue" />
                    <Field name="AssetID" type="StringValue" />
                    <Field name="CalendarID" type="StringValue" />
                    <Field name="Description" type="StringValue" />
                    <Field name="Down" type="BooleanValue" />
                    <Field name="Efficiency" type="DecimalValue" />
                    <Field name="MachineID" type="StringValue" />
                    <Field name="StandardCost" type="DecimalValue" />
                    <Field name="Subaccount" type="StringValue" />
                </Fields>
                <Mappings>
                    <Mapping field="Account">
                        <To object="MachSelected" field="MachAcctID" />
                    </Mapping>
                    <Mapping field="Subaccount">
                        <To object="MachSelected" field="MachSubID" />
                    </Mapping>
                    <Mapping field="Active">
                        <To object="Machines" field="ActiveFlg" />
                    </Mapping>
                    <Mapping field="AssetID">
                        <To object="MachSelected" field="AssetID" />
                    </Mapping>
                    <Mapping field="CalendarID">
                        <To object="MachSelected" field="CalendarID" />
                    </Mapping>
                    <Mapping field="Description">
                        <To object="Machines" field="Descr" />
                    </Mapping>
                    <Mapping field="Down">
                        <To object="Machines" field="DownFlg" />
                    </Mapping>
                    <Mapping field="Efficiency">
                        <To object="MachSelected" field="MachEff" />
                    </Mapping>
                    <Mapping field="MachineID">
                        <To object="Machines" field="MachID" />
                    </Mapping>
                    <Mapping field="StandardCost">
                        <To object="MachSelected" field="StdCost" />
                    </Mapping>
                </Mappings>
            </TopLevelEntity>
            <Detail name="Material">
                <Fields>
                    <Field name="Backflush" type="BooleanValue" />
                    <Field name="BatchSize" type="DecimalValue" />
                    <Field name="BOMID" type="StringValue" />
                    <Field name="BubbleNbr" type="StringValue" />
                    <Field name="CompBOMID" type="StringValue" />
                    <Field name="CompBOMRevision" type="StringValue" />
                    <Field name="Description" type="StringValue" />
                    <Field name="EffectiveDate" type="DateTimeValue" />
                    <Field name="ExpirationDate" type="DateTimeValue" />
                    <Field name="InventoryID" type="StringValue" />
                    <Field name="LineNbr" type="IntValue" />
                    <Field name="LineOrder" type="IntValue" />
                    <Field name="Location" type="StringValue" />
                    <Field name="MaterialType" type="StringValue" />
                    <Field name="OperationID" type="IntValue" />
                    <Field name="PhantomRouting" type="StringValue" />
                    <Field name="PlannedCost" type="DecimalValue" />
                    <Field name="QtyRequired" type="DecimalValue" />
                    <Field name="Revision" type="StringValue" />
                    <Field name="ScrapFactor" type="DecimalValue" />
                    <Field name="Subitem" type="StringValue" />
                    <Field name="UnitCost" type="DecimalValue" />
                    <Field name="UOM" type="StringValue" />
                    <Field name="Warehouse" type="StringValue" />
                </Fields>
            </Detail>
            <TopLevelEntity name="NumberingSequence" screen="CS201010">
                <Fields>
                    <Field name="Description" type="StringValue" />
                    <Field name="ManualNumbering" type="BooleanValue" />
                    <Field name="NewNumberSymbol" type="StringValue" />
                    <Field name="NumberingID" type="StringValue" />
                    <Field name="SequenceDetails" type="NumberingSequenceDetail[]" />
                </Fields>
                <Mappings>
                    <Mapping field="Description">
                        <To object="Header" field="Descr" />
                    </Mapping>
                    <Mapping field="ManualNumbering">
                        <To object="Header" field="UserNumbering" />
                    </Mapping>
                    <Mapping field="NewNumberSymbol">
                        <To object="Header" field="NewSymbol" />
                    </Mapping>
                    <Mapping field="NumberingID">
                        <To object="Header" field="NumberingID" />
                    </Mapping>
                    <Mapping field="SequenceDetails">
                        <Mapping field="Branch">
                            <To object="Sequence" field="NBranchID" />
                        </Mapping>
                        <Mapping field="EndNumber">
                            <To object="Sequence" field="EndNbr" />
                        </Mapping>
                        <Mapping field="LastNumber">
                            <To object="Sequence" field="LastNbr" />
                        </Mapping>
                        <Mapping field="NumberingID">
                            <To object="Sequence" field="NumberingID" />
                        </Mapping>
                        <Mapping field="NumberingSeq">
                            <To object="Sequence" field="NumberingSEQ" />
                        </Mapping>
                        <Mapping field="NumberingStep">
                            <To object="Sequence" field="NbrStep" />
                        </Mapping>
                        <Mapping field="StartDate">
                            <To object="Sequence" field="StartDate" />
                        </Mapping>
                        <Mapping field="StartNumber">
                            <To object="Sequence" field="StartNbr" />
                        </Mapping>
                        <Mapping field="WarningNumber">
                            <To object="Sequence" field="WarnNbr" />
                        </Mapping>
                    </Mapping>
                </Mappings>
            </TopLevelEntity>
            <Detail name="NumberingSequenceDetail">
                <Fields>
                    <Field name="Branch" type="StringValue" />
                    <Field name="EndNumber" type="StringValue" />
                    <Field name="LastNumber" type="StringValue" />
                    <Field name="NumberingID" type="StringValue" />
                    <Field name="NumberingSeq" type="IntValue" />
                    <Field name="NumberingStep" type="IntValue" />
                    <Field name="StartDate" type="DateTimeValue" />
                    <Field name="StartNumber" type="StringValue" />
                    <Field name="WarningNumber" type="StringValue" />
                </Fields>
            </Detail>
            <Detail name="Operation">
                <Fields>
                    <Field name="BackflushLabor" type="BooleanValue" />
                    <Field name="BOMID" type="StringValue" />
                    <Field name="MachineTime" type="StringValue" />
                    <Field name="MachineUnits" type="DecimalValue" />
                    <Field name="Materials" type="Material[]" />
                    <Field name="OperationDBID" type="IntValue" />
                    <Field name="OperationDescription" type="StringValue" />
                    <Field name="OperationID" type="StringValue" />
                    <Field name="Overhead" type="OverheadDetail[]" />
                    <Field name="QueueTime" type="StringValue" />
                    <Field name="Revision" type="StringValue" />
                    <Field name="RunTime" type="StringValue" />
                    <Field name="RunUnits" type="DecimalValue" />
                    <Field name="ScrapAction" type="StringValue" />
                    <Field name="SetupTime" type="StringValue" />
                    <Field name="Steps" type="StepDetail[]" />
                    <Field name="Tools" type="ToolDetail[]" />
                    <Field name="WorkCenter" type="StringValue" />
                </Fields>
            </Detail>
            <TopLevelEntity name="Overhead" screen="AM202500">
                <Fields>
                    <Field name="Account" type="StringValue" />
                    <Field name="CostRate" type="DecimalValue" />
                    <Field name="Description" type="StringValue" />
                    <Field name="OverheadID" type="StringValue" />
                    <Field name="Subaccount" type="StringValue" />
                    <Field name="Type" type="StringValue" />
                </Fields>
                <Mappings>
                    <Mapping field="Account">
                        <To object="OvhdRecords" field="AcctID" />
                    </Mapping>
                    <Mapping field="CostRate">
                        <To object="OvhdRecords" field="CostRate" />
                    </Mapping>
                    <Mapping field="Description">
                        <To object="OvhdRecords" field="Descr" />
                    </Mapping>
                    <Mapping field="OverheadID">
                        <To object="OvhdRecords" field="OvhdID" />
                    </Mapping>
                    <Mapping field="Subaccount">
                        <To object="OvhdRecords" field="SubID" />
                    </Mapping>
                    <Mapping field="Type">
                        <To object="OvhdRecords" field="OvhdType" />
                    </Mapping>
                </Mappings>
            </TopLevelEntity>
            <Detail name="OverheadDetail">
                <Fields>
                    <Field name="BOMID" type="StringValue" />
                    <Field name="Description" type="StringValue" />
                    <Field name="Factor" type="DecimalValue" />
                    <Field name="LineID" type="IntValue" />
                    <Field name="OperationID" type="IntValue" />
                    <Field name="OverheadID" type="StringValue" />
                    <Field name="Revision" type="StringValue" />
                    <Field name="Type" type="StringValue" />
                </Fields>
            </Detail>
            <TopLevelEntity name="SegmentedKey" screen="CS202000">
                <Fields>
                    <Field name="AllowAddingNewValuesOntheFly" type="BooleanValue" />
                    <Field name="Description" type="StringValue" />
                    <Field name="Length" type="ShortValue" />
                    <Field name="LookupMode" type="StringValue" />
                    <Field name="MaxLength" type="IntValue" />
                    <Field name="NumberingID" type="StringValue" />
                    <Field name="Parent" type="StringValue" />
                    <Field name="SegmentedKeyID" type="StringValue" />
                    <Field name="Segments" type="ShortValue" />
                    <Field name="SpecificModule" type="StringValue" />
                    <Field name="Values" type="SegmentedValue[]" />
                </Fields>
                <Mappings>
                    <Mapping field="AllowAddingNewValuesOntheFly">
                        <To object="Header" field="Validate" />
                    </Mapping>
                    <Mapping field="SpecificModule">
                        <To object="Header" field="SpecificModule" />
                    </Mapping>
                    <Mapping field="Values">
                        <Mapping field="Align">
                            <To object="Detail" field="Align" />
                        </Mapping>
                        <Mapping field="Length">
                            <To object="Detail" field="Length" />
                        </Mapping>
                        <Mapping field="Numberofcharacters">
                            <To object="Detail" field="ConsolNumChar" />
                        </Mapping>
                        <Mapping field="Override">
                            <To object="Detail" field="IsOverrideForUI" />
                        </Mapping>
                        <Mapping field="PromptCharacter">
                            <To object="Detail" field="PromptCharacter" />
                        </Mapping>
                        <Mapping field="SegmentID">
                            <To object="Detail" field="SegmentID" />
                        </Mapping>
                        <Mapping field="Separator">
                            <To object="Detail" field="Separator" />
                        </Mapping>
                        <Mapping field="Validate">
                            <To object="Detail" field="Validate" />
                        </Mapping>
                        <Mapping field="AutoNumber">
                            <To object="Detail" field="AutoNumber" />
                        </Mapping>
                        <Mapping field="CaseConversion">
                            <To object="Detail" field="CaseConvert" />
                        </Mapping>
                        <Mapping field="ConsolOrder">
                            <To object="Detail" field="ConsolOrder" />
                        </Mapping>
                        <Mapping field="Description">
                            <To object="Detail" field="Descr" />
                        </Mapping>
                        <Mapping field="DimensionID">
                            <To object="Detail" field="DimensionID" />
                        </Mapping>
                        <Mapping field="EditMask">
                            <To object="Detail" field="EditMask" />
                        </Mapping>
                        <Mapping field="IncludeinCost">
                            <To object="Detail" field="IsCosted" />
                        </Mapping>
                        <Mapping field="Inherited">
                            <To object="Detail" field="Inherited" />
                        </Mapping>
                    </Mapping>
                    <Mapping field="Description">
                        <To object="Header" field="Descr" />
                    </Mapping>
                    <Mapping field="Length">
                        <To object="Header" field="Length" />
                    </Mapping>
                    <Mapping field="LookupMode">
                        <To object="Header" field="LookupMode" />
                    </Mapping>
                    <Mapping field="MaxLength">
                        <To object="Header" field="MaxLength" />
                    </Mapping>
                    <Mapping field="NumberingID">
                        <To object="Header" field="NumberingID" />
                    </Mapping>
                    <Mapping field="Parent">
                        <To object="Header" field="ParentDimensionID" />
                    </Mapping>
                    <Mapping field="SegmentedKeyID">
                        <To object="Header" field="DimensionID" />
                    </Mapping>
                    <Mapping field="Segments">
                        <To object="Header" field="Segments" />
                    </Mapping>
                </Mappings>
            </TopLevelEntity>
            <Detail name="SegmentedValue">
                <Fields>
                    <Field name="Align" type="StringValue" />
                    <Field name="AutoNumber" type="BooleanValue" />
                    <Field name="CaseConversion" type="StringValue" />
                    <Field name="ConsolOrder" type="ShortValue" />
                    <Field name="Description" type="StringValue" />
                    <Field name="DimensionID" type="StringValue" />
                    <Field name="EditMask" type="StringValue" />
                    <Field name="IncludeinCost" type="BooleanValue" />
                    <Field name="Inherited" type="BooleanValue" />
                    <Field name="Length" type="ShortValue" />
                    <Field name="Numberofcharacters" type="ShortValue" />
                    <Field name="Override" type="BooleanValue" />
                    <Field name="PromptCharacter" type="StringValue" />
                    <Field name="SegmentID" type="ShortValue" />
                    <Field name="Separator" type="StringValue" />
                    <Field name="Validate" type="BooleanValue" />
                </Fields>
            </Detail>
            <Detail name="StepDetail">
                <Fields>
                    <Field name="BOMID" type="StringValue" />
                    <Field name="Description" type="StringValue" />
                    <Field name="LineID" type="IntValue" />
                    <Field name="OperationID" type="IntValue" />
                    <Field name="Revision" type="StringValue" />
                </Fields>
            </Detail>
            <TopLevelEntity name="StockItem" screen="IN202500">
                <Fields>
                    <Field name="DefaultBOMID" type="StringValue" />
                    <Field name="PlanningBOMID" type="StringValue" />
                </Fields>
                <Mappings>
                    <Mapping field="DefaultBOMID">
                        <To object="ItemSettings: 6" field="AMBOMID" />
                    </Mapping>
                    <Mapping field="PlanningBOMID">
                        <To object="ItemSettings: 6" field="AMPlanningBOMID" />
                    </Mapping>
                </Mappings>
            </TopLevelEntity>
            <Detail name="ToolDetail">
                <Fields>
                    <Field name="BOMID" type="StringValue" />
                    <Field name="Description" type="StringValue" />
                    <Field name="LineID" type="IntValue" />
                    <Field name="OperationID" type="IntValue" />
                    <Field name="QtyRequired" type="DecimalValue" />
                    <Field name="Revision" type="StringValue" />
                    <Field name="ToolID" type="StringValue" />
                    <Field name="UnitCost" type="DecimalValue" />
                </Fields>
            </Detail>
            <TopLevelEntity name="Tools" screen="AM205500">
                <Fields>
                    <Field name="Account" type="StringValue" />
                    <Field name="Active" type="BooleanValue" />
                    <Field name="ConsumedCost" type="DecimalValue" />
                    <Field name="Description" type="StringValue" />
                    <Field name="Subaccount" type="StringValue" />
                    <Field name="ToolID" type="StringValue" />
                    <Field name="TotalCost" type="DecimalValue" />
                    <Field name="TotalUses" type="DecimalValue" />
                    <Field name="UnitCost" type="DecimalValue" />
                </Fields>
                <Mappings>
                    <Mapping field="Account">
                        <To object="ToolSelected" field="AcctID" />
                    </Mapping>
                    <Mapping field="Active">
                        <To object="Tools" field="Active" />
                    </Mapping>
                    <Mapping field="ConsumedCost">
                        <To object="ToolSelected" field="ActualCost" />
                    </Mapping>
                    <Mapping field="Description">
                        <To object="Tools" field="Descr" />
                    </Mapping>
                    <Mapping field="Subaccount">
                        <To object="ToolSelected" field="SubID" />
                    </Mapping>
                    <Mapping field="ToolID">
                        <To object="Tools" field="ToolID" />
                    </Mapping>
                    <Mapping field="TotalCost">
                        <To object="ToolSelected" field="TotalCost" />
                    </Mapping>
                    <Mapping field="TotalUses">
                        <To object="ToolSelected" field="ActualUses" />
                    </Mapping>
                    <Mapping field="UnitCost">
                        <To object="ToolSelected" field="UnitCost" />
                    </Mapping>
                </Mappings>
            </TopLevelEntity>
            <TopLevelEntity name="WorkCenter" screen="AM207000">
                <Fields>
                    <Field name="Active" type="BooleanValue" />
                    <Field name="BackflushLabor" type="BooleanValue" />
                    <Field name="BackflushMaterials" type="BooleanValue" />
                    <Field name="BasisforCapacity" type="StringValue" />
                    <Field name="Description" type="StringValue" />
                    <Field name="Location" type="StringValue" />
                    <Field name="OutsideProcessing" type="BooleanValue" />
                    <Field name="ScrapActionDefault" type="StringValue" />
                    <Field name="StandardCost" type="DecimalValue" />
                    <Field name="Warehouse" type="StringValue" />
                    <Field name="WorkCenter" type="StringValue" />
                </Fields>
                <Mappings>
                    <Mapping field="Active">
                        <To object="WCRecords" field="ActiveFlg" />
                    </Mapping>
                    <Mapping field="Warehouse">
                        <To object="WCRecords" field="SiteID" />
                    </Mapping>
                    <Mapping field="WorkCenter">
                        <To object="WCRecords" field="WcID" />
                    </Mapping>
                    <Mapping field="BackflushLabor">
                        <To object="WCRecords" field="BflushLbr" />
                    </Mapping>
                    <Mapping field="BackflushMaterials">
                        <To object="WCRecords" field="BflushMatl" />
                    </Mapping>
                    <Mapping field="BasisforCapacity">
                        <To object="WCRecords" field="WcBasis" />
                    </Mapping>
                    <Mapping field="Description">
                        <To object="WCRecords" field="Descr" />
                    </Mapping>
                    <Mapping field="Location">
                        <To object="WCRecords" field="LocationID" />
                    </Mapping>
                    <Mapping field="OutsideProcessing">
                        <To object="WCRecords" field="OutsideFlg" />
                    </Mapping>
                    <Mapping field="ScrapActionDefault">
                        <To object="WCRecords" field="ScrapAction" />
                    </Mapping>
                    <Mapping field="StandardCost">
                        <To object="WCRecords" field="StdCost" />
                    </Mapping>
                </Mappings>
            </TopLevelEntity>
        </Endpoint>
    </EntityEndpoint>
    <EntityEndpoint>
        <Endpoint xmlns:xsd="http://www.w3.org/2001/XMLSchema" xmlns:xsi="http://www.w3.org/2001/XMLSchema-instance" name="CADTalk" version="18.200.002" systemContractVersion="3" xmlns="http://www.acumatica.com/entity/maintenance/5.31">
            <ExtendsEndpoint name="CADTalk" version="18.200.001" />
            <Detail name="ItemClassAtrribute">
                <Fields>
                    <Field name="Active" type="BooleanValue" />
                    <Field name="ControlType" type="StringValue" />
                    <Field name="Description" type="StringValue" />
                    <Field name="EntityClassID" type="StringValue" />
                    <Field name="Type" type="StringValue" />
                </Fields>
            </Detail>
            <TopLevelEntity name="ItemClass" screen="IN201000">
                <Mappings>
                    <Mapping field="Attributes">
                        <Mapping field="Active">
                            <To object="Mapping" field="IsActive" />
                        </Mapping>
                        <Mapping field="ControlType">
                            <To object="Mapping" field="ControlType" />
                        </Mapping>
                        <Mapping field="Description">
                            <To object="Mapping" field="Description" />
                        </Mapping>
                        <Mapping field="EntityClassID">
                            <To object="Mapping" field="EntityClassID" />
                        </Mapping>
                        <Mapping field="Type">
                            <To object="Mapping" field="EntityType" />
                        </Mapping>
                    </Mapping>
                </Mappings>
            </TopLevelEntity>
        </Endpoint>
    </EntityEndpoint>
    <EntityEndpoint>
        <Endpoint xmlns:xsd="http://www.w3.org/2001/XMLSchema" xmlns:xsi="http://www.w3.org/2001/XMLSchema-instance" name="CADTalk" version="18.200.003" systemContractVersion="3" xmlns="http://www.acumatica.com/entity/maintenance/5.31">
            <ExtendsEndpoint name="CADTalk" version="18.200.002" />
            <TopLevelEntity name="StockItem" screen="IN202500">
                <Fields>
                    <Field name="ConfigurationID" type="StringValue" />
                    <Field name="CTPItem" type="BooleanValue" />
                    <Field name="DfltMarkFor" type="StringValue" />
                    <Field name="GroupPlanning" type="IntValue" />
                    <Field name="MaketoOrderItem" type="BooleanValue" />
                    <Field name="MRPItem" type="BooleanValue" />
                </Fields>
                <Mappings>
                    <Mapping field="ConfigurationID">
                        <To object="ItemSettings: 7" field="AMConfigurationID" />
                    </Mapping>
                    <Mapping field="CTPItem">
                        <To object="ItemSettings: 7" field="AMCTPItem" />
                    </Mapping>
                    <Mapping field="DfltMarkFor">
                        <To object="ItemSettings: 7" field="AMDefaultMarkFor" />
                    </Mapping>
                    <Mapping field="GroupPlanning">
                        <To object="ItemSettings: 7" field="AMGroupWindow" />
                    </Mapping>
                    <Mapping field="MaketoOrderItem">
                        <To object="ItemSettings: 7" field="AMMakeToOrderItem" />
                    </Mapping>
                    <Mapping field="MRPItem">
                        <To object="ItemSettings: 7" field="AMMRPItem" />
                    </Mapping>
                </Mappings>
            </TopLevelEntity>
        </Endpoint>
    </EntityEndpoint>
    <EntityEndpoint>
        <Endpoint xmlns:xsd="http://www.w3.org/2001/XMLSchema" xmlns:xsi="http://www.w3.org/2001/XMLSchema-instance" name="CADTalk" version="18.200.004" systemContractVersion="3" xmlns="http://www.acumatica.com/entity/maintenance/5.31">
            <ExtendsEndpoint name="CADTalk" version="18.200.003" />
        </Endpoint>
    </EntityEndpoint>
</Customization>