<Customization level="13" description="RadleyWebServiceEndpoint detail" product-version="22.106">
    <EntityEndpoint>
        <Endpoint xmlns:xsd="http://www.w3.org/2001/XMLSchema" xmlns:xsi="http://www.w3.org/2001/XMLSchema-instance" name="RADLEY" version="18.200.001" systemContractVersion="3" xmlns="http://www.acumatica.com/entity/maintenance/5.31">
            <ExtendsEndpoint name="Default" version="18.200.001" />
            <TopLevelEntity name="Users" screen="SM201010">
                <Fields>
                    <Field name="Comment" type="StringValue" />
                    <Field name="Email" type="StringValue" />
                    <Field name="FirstName" type="StringValue" />
                    <Field name="LastName" type="StringValue" />
                    <Field name="LinkedEntity" type="IntValue" />
                    <Field name="Login" type="StringValue" />
                    <Field name="Results" type="Roles[]" />
                    <Field name="Source" type="StringValue" />
                    <Field name="Status" type="StringValue" />
                    <Field name="UserType" type="StringValue" />
                </Fields>
                <Mappings>
                    <Mapping field="Comment">
                        <To object="UserList" field="Comment" />
                    </Mapping>
                    <Mapping field="UserType">
                        <To object="UserList" field="LoginTypeID" />
                    </Mapping>
                    <Mapping field="Email">
                        <To object="UserList" field="Email" />
                    </Mapping>
                    <Mapping field="FirstName">
                        <To object="UserList" field="FirstName" />
                    </Mapping>
                    <Mapping field="LastName">
                        <To object="UserList" field="LastName" />
                    </Mapping>
                    <Mapping field="LinkedEntity">
                        <To object="UserList" field="ContactID" />
                    </Mapping>
                    <Mapping field="Login">
                        <To object="UserList" field="Username" />
                    </Mapping>
                    <Mapping field="Results">
                        <Mapping field="RoleDescription">
                            <To object="AllowedRoles" field="Rolename_Roles_descr" />
                        </Mapping>
                        <Mapping field="RoleName">
                            <To object="AllowedRoles" field="Rolename" />
                        </Mapping>
                        <Mapping field="Selected">
                            <To object="AllowedRoles" field="Selected" />
                        </Mapping>
                        <Mapping field="UserType">
                            <To object="AllowedRoles" field="LoginTypeID" />
                        </Mapping>
                    </Mapping>
                    <Mapping field="Source">
                        <To object="UserList" field="Source" />
                    </Mapping>
                    <Mapping field="Status">
                        <To object="UserList" field="State" />
                    </Mapping>
                </Mappings>
            </TopLevelEntity>
            <TopLevelEntity name="Warehouses" screen="IN204000">
                <Fields>
                    <Field name="Active" type="BooleanValue" />
                    <Field name="AvgDefaultReturnsCost" type="StringValue" />
                    <Field name="Branch" type="StringValue" />
                    <Field name="Description" type="StringValue" />
                    <Field name="FIFODefaultReturnsCost" type="StringValue" />
                    <Field name="LocationEntry" type="StringValue" />
                    <Field name="ReplenishmentClass" type="StringValue" />
                    <Field name="WarehouseID" type="StringValue" />
                </Fields>
                <Mappings>
                    <Mapping field="Active">
                        <To object="site" field="Active" />
                    </Mapping>
                    <Mapping field="AvgDefaultReturnsCost">
                        <To object="site" field="AvgDefaultCost" />
                    </Mapping>
                    <Mapping field="Branch">
                        <To object="site" field="BranchID" />
                    </Mapping>
                    <Mapping field="Description">
                        <To object="site" field="Descr" />
                    </Mapping>
                    <Mapping field="FIFODefaultReturnsCost">
                        <To object="site" field="FIFODefaultCost" />
                    </Mapping>
                    <Mapping field="LocationEntry">
                        <To object="site" field="LocationValid" />
                    </Mapping>
                    <Mapping field="ReplenishmentClass">
                        <To object="site" field="ReplenishmentClassID" />
                    </Mapping>
                    <Mapping field="WarehouseID">
                        <To object="site" field="SiteCD" />
                    </Mapping>
                </Mappings>
            </TopLevelEntity>
            <TopLevelEntity name="AccessRightsByUserInquiry" screen="SM201055">
                <Fields>
                    <Field name="Login" type="StringValue" />
                </Fields>
                <Mappings>
                    <Mapping field="Login">
                        <To object="RightsUser" field="Username" />
                    </Mapping>
                </Mappings>
            </TopLevelEntity>
            <TopLevelEntity name="InventoryLotSerialHistory" screen="IN407000">
                <Fields>
                    <Field name="InventoryID" type="StringValue" />
                    <Field name="Location" type="StringValue" />
                    <Field name="LotSerialNbr" type="StringValue" />
                    <Field name="Results" type="TransactionDetails[]" />
                    <Field name="Warehouse" type="StringValue" />
                </Fields>
                <Mappings>
                    <Mapping field="InventoryID">
                        <To object="Filter" field="InventoryID" />
                    </Mapping>
                    <Mapping field="Location">
                        <To object="Filter" field="LocationID" />
                    </Mapping>
                    <Mapping field="LotSerialNbr">
                        <To object="Filter" field="LotSerialNbr" />
                    </Mapping>
                    <Mapping field="Results">
                        <Mapping field="AdditionalCost">
                            <To object="Records" field="AdditionalCost" />
                        </Mapping>
                        <Mapping field="LotSerialNbr">
                            <To object="Records" field="LotSerialNbr" />
                        </Mapping>
                        <Mapping field="OrderNbr">
                            <To object="Records" field="SOOrderNbr" />
                        </Mapping>
                        <Mapping field="POReceiptType">
                            <To object="Records" field="POReceiptType" />
                        </Mapping>
                        <Mapping field="Quantity">
                            <To object="Records" field="InvQty" />
                        </Mapping>
                        <Mapping field="ReceiptNbr">
                            <To object="Records" field="POReceiptLine__ReceiptNbr" />
                        </Mapping>
                        <Mapping field="ReferenceNbr">
                            <To object="Records" field="RefNbr" />
                        </Mapping>
                        <Mapping field="Released">
                            <To object="Records" field="Released" />
                        </Mapping>
                        <Mapping field="SOOrderType">
                            <To object="Records" field="SOOrderType" />
                        </Mapping>
                        <Mapping field="SplitLineNbr">
                            <To object="Records" field="SplitLineNbr" />
                        </Mapping>
                        <Mapping field="Subitem">
                            <To object="Records" field="SubItemID" />
                        </Mapping>
                        <Mapping field="CustomerID">
                            <To object="Records" field="Customer__AcctCD" />
                        </Mapping>
                        <Mapping field="TotalCost">
                            <To object="Records" field="TotalCost" />
                        </Mapping>
                        <Mapping field="TotalQty">
                            <To object="Records" field="TotalQty" />
                        </Mapping>
                        <Mapping field="TranDate">
                            <To object="Records" field="TranDate" />
                        </Mapping>
                        <Mapping field="TranType">
                            <To object="Records" field="TranType" />
                        </Mapping>
                        <Mapping field="UnitCost">
                            <To object="Records" field="TranUnitCost" />
                        </Mapping>
                        <Mapping field="UOM">
                            <To object="Records" field="UOM" />
                        </Mapping>
                        <Mapping field="Vendor">
                            <To object="Records" field="Vendor__AcctCD" />
                        </Mapping>
                        <Mapping field="VendorName">
                            <To object="Records" field="Vendor__AcctName" />
                        </Mapping>
                        <Mapping field="Warehouse">
                            <To object="Records" field="SiteID" />
                        </Mapping>
                        <Mapping field="CustomerName">
                            <To object="Records" field="Customer__AcctName" />
                        </Mapping>
                        <Mapping field="Description">
                            <To object="Records" field="InventoryID_InventoryItem_Descr" />
                        </Mapping>
                        <Mapping field="DocType">
                            <To object="Records" field="DocType" />
                        </Mapping>
                        <Mapping field="ExpirationDate">
                            <To object="Records" field="ExpireDate" />
                        </Mapping>
                        <Mapping field="InventoryID">
                            <To object="Records" field="InventoryID" />
                        </Mapping>
                        <Mapping field="LineNbr">
                            <To object="Records" field="LineNbr" />
                        </Mapping>
                        <Mapping field="Location">
                            <To object="Records" field="LocationID" />
                        </Mapping>
                    </Mapping>
                    <Mapping field="Warehouse">
                        <To object="Filter" field="SiteID" />
                    </Mapping>
                </Mappings>
            </TopLevelEntity>
            <Detail name="TransactionDetails">
                <Fields>
                    <Field name="AdditionalCost" type="DecimalValue" />
                    <Field name="CustomerID" type="StringValue" />
                    <Field name="CustomerName" type="StringValue" />
                    <Field name="Description" type="StringValue" />
                    <Field name="DocType" type="StringValue" />
                    <Field name="ExpirationDate" type="DateTimeValue" />
                    <Field name="InventoryID" type="StringValue" />
                    <Field name="LineNbr" type="IntValue" />
                    <Field name="Location" type="StringValue" />
                    <Field name="LotSerialNbr" type="StringValue" />
                    <Field name="OrderNbr" type="StringValue" />
                    <Field name="POReceiptType" type="StringValue" />
                    <Field name="Quantity" type="DecimalValue" />
                    <Field name="ReceiptNbr" type="StringValue" />
                    <Field name="ReferenceNbr" type="StringValue" />
                    <Field name="Released" type="BooleanValue" />
                    <Field name="SOOrderType" type="StringValue" />
                    <Field name="SplitLineNbr" type="IntValue" />
                    <Field name="Subitem" type="StringValue" />
                    <Field name="TotalCost" type="DecimalValue" />
                    <Field name="TotalQty" type="DecimalValue" />
                    <Field name="TranDate" type="DateTimeValue" />
                    <Field name="TranType" type="StringValue" />
                    <Field name="UnitCost" type="DecimalValue" />
                    <Field name="UOM" type="StringValue" />
                    <Field name="Vendor" type="StringValue" />
                    <Field name="VendorName" type="StringValue" />
                    <Field name="Warehouse" type="StringValue" />
                </Fields>
            </Detail>
            <TopLevelEntity name="RadleyShipment" screen="RL301000">
                <Fields>
                    <Field name="AcumaticaBoxes" type="DecimalValue" />
                    <Field name="AcumaticaPallets" type="DecimalValue" />
                    <Field name="Details" type="RadleyDetails[]" />
                    <Field name="RadleyBoxes" type="DecimalValue" />
                    <Field name="RadleyPallets" type="DecimalValue" />
                    <Field name="ShipmentNbr" type="StringValue" />
                    <Field name="Status" type="StringValue" />
                </Fields>
                <Mappings>
                    <Mapping field="AcumaticaBoxes">
                        <To object="DocumentSOShipment" field="UsrRadleyBoxesVal" />
                    </Mapping>
                    <Mapping field="AcumaticaPallets">
                        <To object="DocumentSOShipment" field="UsrRadleyPalletsVal" />
                    </Mapping>
                    <Mapping field="Details">
                        <Mapping field="Box">
                            <To object="RadleyView" field="BoxNbr" />
                        </Mapping>
                        <Mapping field="InventoryID">
                            <To object="RadleyView" field="InventoryID" />
                        </Mapping>
                        <Mapping field="Pallet">
                            <To object="RadleyView" field="PalletNbr" />
                        </Mapping>
                        <Mapping field="Qty">
                            <To object="RadleyView" field="Qty" />
                        </Mapping>
                        <Mapping field="RadleyID">
                            <To object="RadleyView" field="RadleyID" />
                        </Mapping>
                        <Mapping field="SerialNumber">
                            <To object="RadleyView" field="SerialNbr" />
                        </Mapping>
                        <Mapping field="ShipmentSplitLineNbr">
                            <To object="RadleyView" field="ShipmentSplitLineNbr" />
                        </Mapping>
                    </Mapping>
                    <Mapping field="RadleyBoxes">
                        <To object="DocumentSOShipment" field="UsrRadleyBoxes" />
                    </Mapping>
                    <Mapping field="RadleyPallets">
                        <To object="DocumentSOShipment" field="UsrRadleyPallets" />
                    </Mapping>
                    <Mapping field="ShipmentNbr">
                        <To object="DocumentSOShipment" field="ShipmentNbr" />
                    </Mapping>
                    <Mapping field="Status">
                        <To object="DocumentSOShipment" field="UsrRadleyStatus" />
                    </Mapping>
                </Mappings>
                <Actions>
                    <Action name="RemoveAllActions" mappedTo="RemoveAll@Actions" />
                </Actions>
            </TopLevelEntity>
            <Detail name="RadleyDetails">
                <Fields>
                    <Field name="Box" type="StringValue" />
                    <Field name="InventoryID" type="StringValue" />
                    <Field name="Pallet" type="StringValue" />
                    <Field name="Qty" type="DecimalValue" />
                    <Field name="RadleyID" type="IntValue" />
                    <Field name="SerialNumber" type="StringValue" />
                    <Field name="ShipmentSplitLineNbr" type="IntValue" />
                </Fields>
            </Detail>
            <TopLevelEntity name="PickingWorksheetReview" screen="SO302500">
                <Fields>
                    <Field name="ShipmentNbr" type="StringValue" />
                    <Field name="Status" type="StringValue" />
                    <Field name="WorksheetNbr" type="StringValue" />
                </Fields>
                <Mappings>
                    <Mapping field="ShipmentNbr">
                        <To object="shipmentLinks" field="ShipmentNbr" />
                    </Mapping>
                    <Mapping field="Status">
                        <To object="shipmentLinks" field="Status" />
                    </Mapping>
                    <Mapping field="WorksheetNbr">
                        <To object="shipmentLinks" field="WorksheetNbr" />
                    </Mapping>
                </Mappings>
            </TopLevelEntity>
            <TopLevelEntity name="MaterialTransactionDetail" screen="AM000015">
                <Fields>
                    <Field name="MaterialInventoryID" type="StringValue" />
                    <Field name="MaterialLotSerialNbr" type="StringValue" />
                    <Field name="MaterialTransactionDetailDetails" type="MaterialTransactionDetailDetail[]" />
                    <Field name="OrderType" type="StringValue" />
                    <Field name="ParentInventoryID" type="StringValue" />
                    <Field name="ParentLotSerialNbr" type="StringValue" />
                    <Field name="ProductionNbr" type="StringValue" />
                </Fields>
                <Mappings>
                    <Mapping field="MaterialInventoryID">
                        <To object="Filter" field="MaterialInventory" />
                    </Mapping>
                    <Mapping field="MaterialLotSerialNbr">
                        <To object="Filter" field="MaterialLotSerialNbr" />
                    </Mapping>
                    <Mapping field="MaterialTransactionDetailDetails">
                        <Mapping field="AllocationLineID">
                            <To object="Results" field="TransactionSplit_splitLineNbr" />
                        </Mapping>
                        <Mapping field="ParentDescription">
                            <To object="Results" field="ParentInventory_descr" />
                        </Mapping>
                        <Mapping field="ParentInventoryID">
                            <To object="Results" field="ProductionItem_inventoryID" />
                        </Mapping>
                        <Mapping field="ParentLotSerialNbr">
                            <To object="Results" field="TransactionSplit_parentLotSerialNbr" />
                        </Mapping>
                        <Mapping field="ProductionNbr">
                            <To object="Results" field="Transaction_prodOrdID" />
                        </Mapping>
                        <Mapping field="Quantity">
                            <To object="Results" field="TransactionSplit_qty" />
                        </Mapping>
                        <Mapping field="TranDate">
                            <To object="Results" field="TransactionSplit_tranDate" />
                        </Mapping>
                        <Mapping field="UOM">
                            <To object="Results" field="TransactionSplit_uOM" />
                        </Mapping>
                        <Mapping field="Warehouse">
                            <To object="Results" field="TransactionSplit_siteID" />
                        </Mapping>
                        <Mapping field="BatchNbr">
                            <To object="Results" field="Transaction_batNbr" />
                        </Mapping>
                        <Mapping field="LineID">
                            <To object="Results" field="Transaction_lineNbr" />
                        </Mapping>
                        <Mapping field="Location">
                            <To object="Results" field="TransactionSplit_locationID" />
                        </Mapping>
                        <Mapping field="LotSerialNbr">
                            <To object="Results" field="TransactionSplit_lotSerialNbr" />
                        </Mapping>
                        <Mapping field="MaterialDescription">
                            <To object="Results" field="MaterialInventory_descr" />
                        </Mapping>
                        <Mapping field="MaterialInventoryID">
                            <To object="Results" field="MaterialInventory_inventoryCD" />
                        </Mapping>
                        <Mapping field="OperationID">
                            <To object="Results" field="ProductionOperation_operationCD" />
                        </Mapping>
                        <Mapping field="OrderType">
                            <To object="Results" field="Transaction_orderType" />
                        </Mapping>
                    </Mapping>
                    <Mapping field="OrderType">
                        <To object="Filter" field="OrderType" />
                    </Mapping>
                    <Mapping field="ParentInventoryID">
                        <To object="Filter" field="ParentInventory" />
                    </Mapping>
                    <Mapping field="ParentLotSerialNbr">
                        <To object="Filter" field="ParentLotSerialNbr" />
                    </Mapping>
                    <Mapping field="ProductionNbr">
                        <To object="Filter" field="ProdOrdID" />
                    </Mapping>
                </Mappings>
            </TopLevelEntity>
            <Detail name="MaterialTransactionDetailDetail">
                <Fields>
                    <Field name="AllocationLineID" type="IntValue" />
                    <Field name="BatchNbr" type="StringValue" />
                    <Field name="LineID" type="IntValue" />
                    <Field name="Location" type="StringValue" />
                    <Field name="LotSerialNbr" type="StringValue" />
                    <Field name="MaterialDescription" type="StringValue" />
                    <Field name="MaterialInventoryID" type="StringValue" />
                    <Field name="OperationID" type="StringValue" />
                    <Field name="OrderType" type="StringValue" />
                    <Field name="ParentDescription" type="StringValue" />
                    <Field name="ParentInventoryID" type="StringValue" />
                    <Field name="ParentLotSerialNbr" type="StringValue" />
                    <Field name="ProductionNbr" type="StringValue" />
                    <Field name="Quantity" type="DecimalValue" />
                    <Field name="TranDate" type="DateTimeValue" />
                    <Field name="UOM" type="StringValue" />
                    <Field name="Warehouse" type="StringValue" />
                </Fields>
            </Detail>
            <TopLevelEntity name="SalesOrder" screen="SO301000">
                <Fields>
                    <Field name="Attributes" type="AttributeValue[]" />
                </Fields>
                <Mappings>
                    <Mapping field="Attributes">
                        <Mapping field="AttributeID">
                            <To object="Answers" field="AttributeID$value" />
                        </Mapping>
                        <Mapping field="Required">
                            <To object="Answers" field="IsRequired" />
                        </Mapping>
                        <Mapping field="Value">
                            <To object="Answers" field="Value" />
                        </Mapping>
                    </Mapping>
                </Mappings>
            </TopLevelEntity>
            <Detail name="WarehouseLocation">
                <Fields>
                    <Field name="ProductionAllowed" type="BooleanValue" />
                    <Field name="Project" type="StringValue" />
                </Fields>
            </Detail>
            <TopLevelEntity name="Warehouse" screen="IN204000">
                <Mappings>
                    <Mapping field="Locations">
                        <Mapping field="ProductionAllowed">
                            <To object="location" field="ProductionValid" />
                        </Mapping>
                        <Mapping field="Project">
                            <To object="location" field="ProjectID" />
                        </Mapping>
                    </Mapping>
                </Mappings>
            </TopLevelEntity>
            <Detail name="Roles">
                <Fields>
                    <Field name="RoleDescription" type="StringValue" />
                    <Field name="RoleName" type="StringValue" />
                    <Field name="Selected" type="BooleanValue" />
                    <Field name="UserType" type="IntValue" />
                </Fields>
            </Detail>
            <TopLevelEntity name="Materials" screen="AM300000">
                <Fields>
                    <Field name="BatchNbr" type="StringValue" />
                    <Field name="ControlAmount" type="DecimalValue" />
                    <Field name="ControlQty" type="DecimalValue" />
                    <Field name="Date" type="DateTimeValue" />
                    <Field name="Description" type="StringValue" />
                    <Field name="Hold" type="BooleanValue" />
                    <Field name="MaterialDetails" type="MaterialDetails[]" />
                    <Field name="OrigBatchNbr" type="StringValue" />
                    <Field name="OrigDocType" type="StringValue" />
                    <Field name="PostPeriod" type="StringValue" />
                    <Field name="Status" type="StringValue" />
                    <Field name="TotalAmount" type="DecimalValue" />
                    <Field name="TotalQty" type="DecimalValue" />
                </Fields>
                <Mappings>
                    <Mapping field="BatchNbr">
                        <To object="batch" field="BatNbr" />
                    </Mapping>
                    <Mapping field="PostPeriod">
                        <To object="batch" field="FinPeriodID" />
                    </Mapping>
                    <Mapping field="Status">
                        <To object="batch" field="Status" />
                    </Mapping>
                    <Mapping field="TotalAmount">
                        <To object="batch" field="TotalAmount" />
                    </Mapping>
                    <Mapping field="TotalQty">
                        <To object="batch" field="TotalQty" />
                    </Mapping>
                    <Mapping field="ControlAmount">
                        <To object="batch" field="ControlAmount" />
                    </Mapping>
                    <Mapping field="ControlQty">
                        <To object="batch" field="ControlQty" />
                    </Mapping>
                    <Mapping field="Date">
                        <To object="batch" field="TranDate" />
                    </Mapping>
                    <Mapping field="Description">
                        <To object="batch" field="TranDesc" />
                    </Mapping>
                    <Mapping field="Hold">
                        <To object="batch" field="Hold" />
                    </Mapping>
                    <Mapping field="MaterialDetails">
                        <Mapping field="Availability">
                            <To object="transactions" field="Availability" />
                        </Mapping>
                        <Mapping field="INDocType">
                            <To object="transactions" field="INDocType" />
                        </Mapping>
                        <Mapping field="INLineNbr">
                            <To object="transactions" field="INLineNbr" />
                        </Mapping>
                        <Mapping field="INRefNbr">
                            <To object="transactions" field="INBatNbr" />
                        </Mapping>
                        <Mapping field="InventoryID">
                            <To object="transactions" field="InventoryID" />
                        </Mapping>
                        <Mapping field="LineNbr">
                            <To object="transactions" field="LineNbr" />
                        </Mapping>
                        <Mapping field="Location">
                            <To object="transactions" field="LocationID" />
                        </Mapping>
                        <Mapping field="LotSerialNbr">
                            <To object="transactions" field="LotSerialNbr" />
                        </Mapping>
                        <Mapping field="MaterialLineID">
                            <To object="transactions" field="MatlLineId" />
                        </Mapping>
                        <Mapping field="OperationID">
                            <To object="transactions" field="OperationID" />
                        </Mapping>
                        <Mapping field="OrderType">
                            <To object="transactions" field="OrderType" />
                        </Mapping>
                        <Mapping field="BatchNbr">
                            <To object="transactions" field="BatNbr" />
                        </Mapping>
                        <Mapping field="ParentLotSerialNbr">
                            <To object="transactions" field="ParentLotSerialNbr" />
                        </Mapping>
                        <Mapping field="ProductionNbr">
                            <To object="transactions" field="ProdOrdID" />
                        </Mapping>
                        <Mapping field="Quantity">
                            <To object="transactions" field="Qty" />
                        </Mapping>
                        <Mapping field="Subitem">
                            <To object="transactions" field="SubItemID" />
                        </Mapping>
                        <Mapping field="TranDescription">
                            <To object="transactions" field="TranDesc" />
                        </Mapping>
                        <Mapping field="UnitCost">
                            <To object="transactions" field="UnitCost" />
                        </Mapping>
                        <Mapping field="UOM">
                            <To object="transactions" field="UOM" />
                        </Mapping>
                        <Mapping field="Warehouse">
                            <To object="transactions" field="SiteID" />
                        </Mapping>
                        <Mapping field="Byproduct">
                            <To object="transactions" field="IsByproduct" />
                        </Mapping>
                        <Mapping field="Description">
                            <To object="transactions" field="InventoryID_description" />
                        </Mapping>
                        <Mapping field="DocType">
                            <To object="transactions" field="DocType" />
                        </Mapping>
                        <Mapping field="ExpirationDate">
                            <To object="transactions" field="ExpireDate" />
                        </Mapping>
                        <Mapping field="ExtCost">
                            <To object="transactions" field="TranAmt" />
                        </Mapping>
                        <Mapping field="GLBatchLineNbr">
                            <To object="transactions" field="GLLineNbr" />
                        </Mapping>
                        <Mapping field="GLBatchNbr">
                            <To object="transactions" field="GLBatNbr" />
                        </Mapping>
                    </Mapping>
                    <Mapping field="OrigBatchNbr">
                        <To object="batch" field="OrigBatNbr" />
                    </Mapping>
                    <Mapping field="OrigDocType">
                        <To object="batch" field="OrigDocType" />
                    </Mapping>
                </Mappings>
                <Actions>
                    <Action name="Release" mappedTo="Release" />
                </Actions>
            </TopLevelEntity>
            <Detail name="MaterialDetails">
                <Fields>
                    <Field name="Availability" type="StringValue" />
                    <Field name="BatchNbr" type="StringValue" />
                    <Field name="Byproduct" type="BooleanValue" />
                    <Field name="Description" type="StringValue" />
                    <Field name="DocType" type="StringValue" />
                    <Field name="ExpirationDate" type="DateTimeValue" />
                    <Field name="ExtCost" type="DecimalValue" />
                    <Field name="GLBatchLineNbr" type="IntValue" />
                    <Field name="GLBatchNbr" type="StringValue" />
                    <Field name="INDocType" type="StringValue" />
                    <Field name="INLineNbr" type="IntValue" />
                    <Field name="INRefNbr" type="StringValue" />
                    <Field name="InventoryID" type="StringValue" />
                    <Field name="LineNbr" type="IntValue" />
                    <Field name="Location" type="StringValue" />
                    <Field name="LotSerialNbr" type="StringValue" />
                    <Field name="MaterialLineID" type="IntValue" />
                    <Field name="OperationID" type="StringValue" />
                    <Field name="OrderType" type="StringValue" />
                    <Field name="ParentLotSerialNbr" type="StringValue" />
                    <Field name="ProductionNbr" type="StringValue" />
                    <Field name="Quantity" type="DecimalValue" />
                    <Field name="Subitem" type="StringValue" />
                    <Field name="TranDescription" type="StringValue" />
                    <Field name="UnitCost" type="DecimalValue" />
                    <Field name="UOM" type="StringValue" />
                    <Field name="Warehouse" type="StringValue" />
                </Fields>
            </Detail>
            <TopLevelEntity name="ProductionOrderDetail" screen="AM209000">
                <Fields>
                    <Field name="Hold" type="BooleanValue" />
                    <Field name="InventoryID" type="StringValue" />
                    <Field name="Operations" type="OrderOperationDetail[]" />
                    <Field name="OrderDate" type="DateTimeValue" />
                    <Field name="OrderType" type="StringValue" />
                    <Field name="ProductionNbr" type="StringValue" />
                    <Field name="Status" type="StringValue" />
                    <Field name="Subitem" type="StringValue" />
                    <Field name="Warehouse" type="StringValue" />
                </Fields>
                <Mappings>
                    <Mapping field="Hold">
                        <To object="ProdItemRecords" field="Hold" />
                    </Mapping>
                    <Mapping field="InventoryID">
                        <To object="ProdItemRecords" field="InventoryID" />
                    </Mapping>
                    <Mapping field="Operations">
                        <Mapping field="ActualEndDate">
                            <To object="ProdOperRecords" field="ActEndDate" />
                        </Mapping>
                        <Mapping field="Material">
                            <Mapping field="Backflush">
                                <To object="ProdMatlRecords" field="BFlush" />
                            </Mapping>
                            <Mapping field="Location">
                                <To object="ProdMatlRecords" field="LocationID" />
                            </Mapping>
                            <Mapping field="MarkforPO">
                                <To object="ProdMatlRecords" field="POCreate" />
                            </Mapping>
                            <Mapping field="MarkforProduction">
                                <To object="ProdMatlRecords" field="ProdCreate" />
                            </Mapping>
                            <Mapping field="MaterialType">
                                <To object="ProdMatlRecords" field="MaterialType" />
                            </Mapping>
                            <Mapping field="OperationID">
                                <To object="ProdMatlRecords" field="OperationID" />
                            </Mapping>
                            <Mapping field="OrderType">
                                <To object="ProdMatlRecords" field="OrderType" />
                            </Mapping>
                            <Mapping field="PhantomBOMID">
                                <To object="ProdMatlRecords" field="PhtmBOMID" />
                            </Mapping>
                            <Mapping field="PhantomBOMRefLineNbr">
                                <To object="ProdMatlRecords" field="PhtmBOMLineRef" />
                            </Mapping>
                            <Mapping field="PhantomLevel">
                                <To object="ProdMatlRecords" field="PhtmLevel" />
                            </Mapping>
                            <Mapping field="PhantomMatlLineNbr">
                                <To object="ProdMatlRecords" field="PhtmMatlLineRef" />
                            </Mapping>
                            <Mapping field="BatchSize">
                                <To object="ProdMatlRecords" field="BatchSize" />
                            </Mapping>
                            <Mapping field="PhantomMatlOperationID">
                                <To object="ProdMatlRecords" field="PhtmMatlOperationID" />
                            </Mapping>
                            <Mapping field="PhantomOperationID">
                                <To object="ProdMatlRecords" field="PhtmBOMOperationID" />
                            </Mapping>
                            <Mapping field="PlannedCost">
                                <To object="ProdMatlRecords" field="PlanCost" />
                            </Mapping>
                            <Mapping field="ProductionNbr">
                                <To object="ProdMatlRecords" field="ProdOrdID" />
                            </Mapping>
                            <Mapping field="QtyActual">
                                <To object="ProdMatlRecords" field="QtyActual" />
                            </Mapping>
                            <Mapping field="QtyRemaining">
                                <To object="ProdMatlRecords" field="QtyRemaining" />
                            </Mapping>
                            <Mapping field="QtyRequired">
                                <To object="ProdMatlRecords" field="QtyReq" />
                            </Mapping>
                            <Mapping field="QtyRoundUp">
                                <To object="ProdMatlRecords" field="QtyRoundUp" />
                            </Mapping>
                            <Mapping field="ScrapFactor">
                                <To object="ProdMatlRecords" field="ScrapFactor" />
                            </Mapping>
                            <Mapping field="SubcontractSource">
                                <To object="ProdMatlRecords" field="SubcontractSource" />
                            </Mapping>
                            <Mapping field="Byproduct">
                                <To object="ProdMatlRecords" field="IsByproduct" />
                            </Mapping>
                            <Mapping field="Subitem">
                                <To object="ProdMatlRecords" field="SubItemID" />
                            </Mapping>
                            <Mapping field="TotalActualCost">
                                <To object="ProdMatlRecords" field="TotActCost" />
                            </Mapping>
                            <Mapping field="TotalRequired">
                                <To object="ProdMatlRecords" field="TotalQtyRequired" />
                            </Mapping>
                            <Mapping field="UnitCost">
                                <To object="ProdMatlRecords" field="UnitCost" />
                            </Mapping>
                            <Mapping field="UOM">
                                <To object="ProdMatlRecords" field="UOM" />
                            </Mapping>
                            <Mapping field="Warehouse">
                                <To object="ProdMatlRecords" field="SiteID" />
                            </Mapping>
                            <Mapping field="WarehouseOverride">
                                <To object="ProdMatlRecords" field="WarehouseOverride" />
                            </Mapping>
                            <Mapping field="CompBOMID">
                                <To object="ProdMatlRecords" field="CompBOMID" />
                            </Mapping>
                            <Mapping field="CompBOMRevision">
                                <To object="ProdMatlRecords" field="CompBOMRevisionID" />
                            </Mapping>
                            <Mapping field="Description">
                                <To object="ProdMatlRecords" field="Descr" />
                            </Mapping>
                            <Mapping field="InventoryID">
                                <To object="ProdMatlRecords" field="InventoryID" />
                            </Mapping>
                            <Mapping field="LineNbr">
                                <To object="ProdMatlRecords" field="LineID" />
                            </Mapping>
                            <Mapping field="LineOrder">
                                <To object="ProdMatlRecords" field="SortOrder" />
                            </Mapping>
                        </Mapping>
                        <Mapping field="MoveTime">
                            <To object="ProdOperRecords" field="MoveTime" />
                        </Mapping>
                        <Mapping field="OperationDBID">
                            <To object="ProdOperRecords" field="OperationID" />
                        </Mapping>
                        <Mapping field="OperationDescription">
                            <To object="ProdOperRecords" field="Descr" />
                        </Mapping>
                        <Mapping field="OperationID">
                            <To object="ProdOperRecords" field="OperationCD" />
                        </Mapping>
                        <Mapping field="OrderType">
                            <To object="ProdOperRecords" field="OrderType" />
                        </Mapping>
                        <Mapping field="OutsideProcess">
                            <To object="ProdOperRecords" field="OutsideProcess" />
                        </Mapping>
                        <Mapping field="PhantomBOMID">
                            <To object="ProdOperRecords" field="PhtmBOMID" />
                        </Mapping>
                        <Mapping field="PhantomBOMRefLineNbr">
                            <To object="ProdOperRecords" field="PhtmBOMLineRef" />
                        </Mapping>
                        <Mapping field="PhantomBOMRevision">
                            <To object="ProdOperRecords" field="PhtmBOMRevisionID" />
                        </Mapping>
                        <Mapping field="ActualStartDate">
                            <To object="ProdOperRecords" field="ActStartDate" />
                        </Mapping>
                        <Mapping field="PhantomLevel">
                            <To object="ProdOperRecords" field="PhtmLevel" />
                        </Mapping>
                        <Mapping field="PhantomMatlBOMID">
                            <To object="ProdOperRecords" field="PhtmMatlBOMID" />
                        </Mapping>
                        <Mapping field="PhantomMatlLineNbr">
                            <To object="ProdOperRecords" field="PhtmMatlLineRef" />
                        </Mapping>
                        <Mapping field="PhantomMatlOperationID">
                            <To object="ProdOperRecords" field="PhtmMatlOperationID" />
                        </Mapping>
                        <Mapping field="PhantomMatlRevision">
                            <To object="ProdOperRecords" field="PhtmMatlRevisionID" />
                        </Mapping>
                        <Mapping field="PhantomOperationID">
                            <To object="ProdOperRecords" field="PhtmBOMOperationID" />
                        </Mapping>
                        <Mapping field="PhantomPriorLevelQty">
                            <To object="ProdOperRecords" field="PhtmPriorLevelQty" />
                        </Mapping>
                        <Mapping field="POLineNbr">
                            <To object="ProdOperRecords" field="POLineNbr" />
                        </Mapping>
                        <Mapping field="POOrderNbr">
                            <To object="ProdOperRecords" field="POOrderNbr" />
                        </Mapping>
                        <Mapping field="ProductionNbr">
                            <To object="ProdOperRecords" field="ProdOrdID" />
                        </Mapping>
                        <Mapping field="AtVendorQuantity">
                            <To object="ProdOperRecords" field="AtVendorQuantity" />
                        </Mapping>
                        <Mapping field="QtyComplete">
                            <To object="ProdOperRecords" field="QtyComplete" />
                        </Mapping>
                        <Mapping field="QtyRemaining">
                            <To object="ProdOperRecords" field="QtyRemaining" />
                        </Mapping>
                        <Mapping field="QtyScrapped">
                            <To object="ProdOperRecords" field="QtyScrapped" />
                        </Mapping>
                        <Mapping field="QtytoProduce">
                            <To object="ProdOperRecords" field="QtytoProd" />
                        </Mapping>
                        <Mapping field="QueueTime">
                            <To object="ProdOperRecords" field="QueueTime" />
                        </Mapping>
                        <Mapping field="RunTime">
                            <To object="ProdOperRecords" field="RunUnitTime" />
                        </Mapping>
                        <Mapping field="RunUnits">
                            <To object="ProdOperRecords" field="RunUnits" />
                        </Mapping>
                        <Mapping field="ScrapAction">
                            <To object="ProdOperRecords" field="ScrapAction" />
                        </Mapping>
                        <Mapping field="SetupTime">
                            <To object="ProdOperRecords" field="SetupTime" />
                        </Mapping>
                        <Mapping field="ShippedQuantity">
                            <To object="ProdOperRecords" field="ShippedQuantity" />
                        </Mapping>
                        <Mapping field="Backflush">
                            <To object="ProdOperRecords" field="BFlush" />
                        </Mapping>
                        <Mapping field="ShipRemainingQty">
                            <To object="ProdOperRecords" field="ShipRemainingQty" />
                        </Mapping>
                        <Mapping field="StartDate">
                            <To object="ProdOperRecords" field="StartDate" />
                        </Mapping>
                        <Mapping field="Status">
                            <To object="ProdOperRecords" field="StatusID" />
                        </Mapping>
                        <Mapping field="TotalQty">
                            <To object="ProdOperRecords" field="TotalQty" />
                        </Mapping>
                        <Mapping field="Vendor">
                            <To object="ProdOperRecords" field="VendorID" />
                        </Mapping>
                        <Mapping field="VendorLocation">
                            <To object="ProdOperRecords" field="VendorLocationID" />
                        </Mapping>
                        <Mapping field="WorkCenter">
                            <To object="ProdOperRecords" field="WcID" />
                        </Mapping>
                        <Mapping field="DropShippedtoVendor">
                            <To object="ProdOperRecords" field="DropShippedToVendor" />
                        </Mapping>
                        <Mapping field="EndDate">
                            <To object="ProdOperRecords" field="EndDate" />
                        </Mapping>
                        <Mapping field="FinishTime">
                            <To object="ProdOperRecords" field="FinishTime" />
                        </Mapping>
                        <Mapping field="MachineTime">
                            <To object="ProdOperRecords" field="MachineUnitTime" />
                        </Mapping>
                        <Mapping field="MachineUnits">
                            <To object="ProdOperRecords" field="MachineUnits" />
                        </Mapping>
                    </Mapping>
                    <Mapping field="OrderDate">
                        <To object="ProdItemRecords" field="ProdDate" />
                    </Mapping>
                    <Mapping field="OrderType">
                        <To object="ProdItemRecords" field="OrderType" />
                    </Mapping>
                    <Mapping field="ProductionNbr">
                        <To object="ProdItemRecords" field="ProdOrdID" />
                    </Mapping>
                    <Mapping field="Status">
                        <To object="ProdItemRecords" field="StatusID" />
                    </Mapping>
                    <Mapping field="Subitem">
                        <To object="ProdItemRecords" field="SubItemID" />
                    </Mapping>
                    <Mapping field="Warehouse">
                        <To object="ProdItemRecords" field="SiteId" />
                    </Mapping>
                </Mappings>
            </TopLevelEntity>
            <Detail name="OrderOperationDetail">
                <Fields>
                    <Field name="ActualEndDate" type="DateTimeValue" />
                    <Field name="ActualStartDate" type="DateTimeValue" />
                    <Field name="AtVendorQuantity" type="DecimalValue" />
                    <Field name="Backflush" type="BooleanValue" />
                    <Field name="DropShippedtoVendor" type="BooleanValue" />
                    <Field name="EndDate" type="DateTimeValue" />
                    <Field name="FinishTime" type="StringValue" />
                    <Field name="MachineTime" type="StringValue" />
                    <Field name="MachineUnits" type="DecimalValue" />
                    <Field name="Material" type="OrderMaterialDetail[]" />
                    <Field name="MoveTime" type="StringValue" />
                    <Field name="OperationDBID" type="IntValue" />
                    <Field name="OperationDescription" type="StringValue" />
                    <Field name="OperationID" type="StringValue" />
                    <Field name="OrderType" type="StringValue" />
                    <Field name="OutsideProcess" type="BooleanValue" />
                    <Field name="PhantomBOMID" type="StringValue" />
                    <Field name="PhantomBOMRefLineNbr" type="IntValue" />
                    <Field name="PhantomBOMRevision" type="StringValue" />
                    <Field name="PhantomLevel" type="IntValue" />
                    <Field name="PhantomMatlBOMID" type="StringValue" />
                    <Field name="PhantomMatlLineNbr" type="IntValue" />
                    <Field name="PhantomMatlOperationID" type="IntValue" />
                    <Field name="PhantomMatlRevision" type="StringValue" />
                    <Field name="PhantomOperationID" type="IntValue" />
                    <Field name="PhantomPriorLevelQty" type="DecimalValue" />
                    <Field name="POLineNbr" type="IntValue" />
                    <Field name="POOrderNbr" type="StringValue" />
                    <Field name="ProductionNbr" type="StringValue" />
                    <Field name="QtyComplete" type="DecimalValue" />
                    <Field name="QtyRemaining" type="DecimalValue" />
                    <Field name="QtyScrapped" type="DecimalValue" />
                    <Field name="QtytoProduce" type="DecimalValue" />
                    <Field name="QueueTime" type="StringValue" />
                    <Field name="RunTime" type="StringValue" />
                    <Field name="RunUnits" type="DecimalValue" />
                    <Field name="ScrapAction" type="StringValue" />
                    <Field name="SetupTime" type="StringValue" />
                    <Field name="ShippedQuantity" type="DecimalValue" />
                    <Field name="ShipRemainingQty" type="DecimalValue" />
                    <Field name="StartDate" type="DateTimeValue" />
                    <Field name="Status" type="StringValue" />
                    <Field name="TotalQty" type="DecimalValue" />
                    <Field name="Vendor" type="StringValue" />
                    <Field name="VendorLocation" type="StringValue" />
                    <Field name="WorkCenter" type="StringValue" />
                </Fields>
            </Detail>
            <Detail name="OrderMaterialDetail">
                <Fields>
                    <Field name="Backflush" type="BooleanValue" />
                    <Field name="BatchSize" type="DecimalValue" />
                    <Field name="Byproduct" type="BooleanValue" />
                    <Field name="CompBOMID" type="StringValue" />
                    <Field name="CompBOMRevision" type="StringValue" />
                    <Field name="Description" type="StringValue" />
                    <Field name="InventoryID" type="StringValue" />
                    <Field name="LineNbr" type="IntValue" />
                    <Field name="LineOrder" type="IntValue" />
                    <Field name="Location" type="StringValue" />
                    <Field name="MarkforPO" type="BooleanValue" />
                    <Field name="MarkforProduction" type="BooleanValue" />
                    <Field name="MaterialType" type="StringValue" />
                    <Field name="OperationID" type="StringValue" />
                    <Field name="OrderType" type="StringValue" />
                    <Field name="PhantomBOMID" type="StringValue" />
                    <Field name="PhantomBOMRefLineNbr" type="IntValue" />
                    <Field name="PhantomLevel" type="IntValue" />
                    <Field name="PhantomMatlLineNbr" type="IntValue" />
                    <Field name="PhantomMatlOperationID" type="IntValue" />
                    <Field name="PhantomOperationID" type="IntValue" />
                    <Field name="PlannedCost" type="DecimalValue" />
                    <Field name="ProductionNbr" type="StringValue" />
                    <Field name="QtyActual" type="DecimalValue" />
                    <Field name="QtyRemaining" type="DecimalValue" />
                    <Field name="QtyRequired" type="DecimalValue" />
                    <Field name="QtyRoundUp" type="BooleanValue" />
                    <Field name="ScrapFactor" type="DecimalValue" />
                    <Field name="SubcontractSource" type="StringValue" />
                    <Field name="Subitem" type="StringValue" />
                    <Field name="TotalActualCost" type="DecimalValue" />
                    <Field name="TotalRequired" type="DecimalValue" />
                    <Field name="UnitCost" type="DecimalValue" />
                    <Field name="UOM" type="StringValue" />
                    <Field name="Warehouse" type="StringValue" />
                    <Field name="WarehouseOverride" type="BooleanValue" />
                </Fields>
            </Detail>
            <TopLevelEntity name="PickPackShip" screen="SO302020">
                <Fields>
                    <Field name="CartQty" type="DecimalValue" />
                    <Field name="Description" type="StringValue" />
                    <Field name="ExpirationDate" type="DateTimeValue" />
                    <Field name="FreeItem" type="BooleanValue" />
                    <Field name="InventoryID" type="StringValue" />
                    <Field name="LineNbr" type="IntValue" />
                    <Field name="Location" type="StringValue" />
                    <Field name="LotSerialNbr" type="StringValue" />
                    <Field name="Matched" type="BooleanValue" />
                    <Field name="Mode" type="StringValue" />
                    <Field name="OrderNbr" type="StringValue" />
                    <Field name="OrderType" type="StringValue" />
                    <Field name="OverallCartQty" type="DecimalValue" />
                    <Field name="PackedQuantity" type="DecimalValue" />
                    <Field name="PickedQuantity" type="DecimalValue" />
                    <Field name="Quantity" type="DecimalValue" />
                    <Field name="ShipmentNbr" type="StringValue" />
                    <Field name="SplitLineNbr" type="IntValue" />
                    <Field name="UOM" type="StringValue" />
                    <Field name="Warehouse" type="StringValue" />
                </Fields>
                <Mappings>
                    <Mapping field="CartQty">
                        <To object="Picked" field="CartQty" />
                    </Mapping>
                    <Mapping field="Mode">
                        <To object="Info" field="Mode" />
                    </Mapping>
                    <Mapping field="OrderNbr">
                        <To object="Picked" field="SOShipLine__OrigOrderNbr" />
                    </Mapping>
                    <Mapping field="OrderType">
                        <To object="Picked" field="SOShipLine__OrigOrderType" />
                    </Mapping>
                    <Mapping field="OverallCartQty">
                        <To object="Picked" field="OverAllCartQty" />
                    </Mapping>
                    <Mapping field="PackedQuantity">
                        <To object="Picked" field="PackedQty" />
                    </Mapping>
                    <Mapping field="PickedQuantity">
                        <To object="Picked" field="PickedQty" />
                    </Mapping>
                    <Mapping field="Quantity">
                        <To object="Picked" field="Qty" />
                    </Mapping>
                    <Mapping field="ShipmentNbr">
                        <To object="Picked" field="ShipmentNbr" />
                    </Mapping>
                    <Mapping field="SplitLineNbr">
                        <To object="Picked" field="SplitLineNbr" />
                    </Mapping>
                    <Mapping field="UOM">
                        <To object="Picked" field="UOM" />
                    </Mapping>
                    <Mapping field="Description">
                        <To object="Picked" field="SOShipLine__TranDesc" />
                    </Mapping>
                    <Mapping field="Warehouse">
                        <To object="Picked" field="SiteID" />
                    </Mapping>
                    <Mapping field="ExpirationDate">
                        <To object="Picked" field="ExpireDate" />
                    </Mapping>
                    <Mapping field="FreeItem">
                        <To object="Picked" field="SOShipLine__IsFree" />
                    </Mapping>
                    <Mapping field="InventoryID">
                        <To object="Picked" field="InventoryID" />
                    </Mapping>
                    <Mapping field="LineNbr">
                        <To object="Picked" field="LineNbr" />
                    </Mapping>
                    <Mapping field="Location">
                        <To object="Picked" field="LocationID" />
                    </Mapping>
                    <Mapping field="LotSerialNbr">
                        <To object="Picked" field="LotSerialNbr" />
                    </Mapping>
                    <Mapping field="Matched">
                        <To object="Picked" field="Fits" />
                    </Mapping>
                </Mappings>
                <Actions>
                    <Action name="Save" mappedTo="Save" />
                </Actions>
            </TopLevelEntity>
            <Detail name="ShipmentDetail">
                <Fields>
                    <Field name="RadleyPacked" type="BooleanValue" />
                    <Field name="RadleyPicked" type="BooleanValue" />
                    <Field name="RadleyQty" type="DecimalValue" />
                </Fields>
            </Detail>
            <TopLevelEntity name="Shipment" screen="SO302000">
                <Mappings>
                    <Mapping field="Details">
                        <Mapping field="RadleyPicked">
                            <To object="Transactions" field="UsrRadleyPicked" />
                        </Mapping>
                        <Mapping field="RadleyPacked">
                            <To object="Transactions" field="UsrRadleyPacked" />
                        </Mapping>
                        <Mapping field="RadleyQty">
                            <To object="Transactions" field="UsrRadleyQty" />
                        </Mapping>
                    </Mapping>
                </Mappings>
            </TopLevelEntity>
            <TopLevelEntity name="StockItem" screen="IN202500">
                <Mappings>
                    <Mapping field="Attributes">
                        <Mapping field="RefNoteID">
                            <To object="Answers" field="RefNoteID" />
                        </Mapping>
                        <Mapping field="Attribute">
                            <To object="Answers" field="AttributeID$value" />
                        </Mapping>
                    </Mapping>
                </Mappings>
            </TopLevelEntity>
            <Detail name="AttributeValue">
                <Fields>
                    <Field name="Attribute" type="StringValue" />
                    <Field name="RefNoteID" type="GuidValue" />
                </Fields>
            </Detail>
        </Endpoint>
    </EntityEndpoint>
</Customization>