CompanyID,IsPortal,NodeID,WorkspaceID,Order,SubcategoryID,CompanyMask
2,False,{DABB5B31-9687-45A8-8A3B-069BCB06CBDE},{A8C4B89B-F606-487E-B605-2334D514FBA1},140,{1669BEF9-E982-485C-A48B-80CE30193385},AA
2,False,{EB6A5EEC-71CA-4D88-BE77-07F3B029D705},{A8C4B89B-F606-487E-B605-2334D514FBA1},100,{32130442-2305-4394-9389-CF915B191D2A},AA
2,False,{CDA3AB24-19D1-4F7B-ABAE-09BDC5FF52D2},{A8C4B89B-F606-487E-B605-2334D514FBA1},220,{98E86774-69E3-41EA-B94F-EB2C7A8426D4},AA
2,False,{6262111F-B5BB-46D2-A2CA-0DD0820B03AB},{A8C4B89B-F606-487E-B605-2334D514FBA1},70,{38D13A6E-3076-42FB-9FCE-62FA33897DA6},AA
2,False,{8DC9D67D-51E5-4222-B5EF-0F0E01D15109},{A8C4B89B-F606-487E-B605-2334D514FBA1},130,{38D13A6E-3076-42FB-9FCE-62FA33897DA6},AA
2,False,{DCD58763-9380-47FC-BF54-12F05E170789},{A8C4B89B-F606-487E-B605-2334D514FBA1},10,{B731B346-4D68-4796-B797-3E035EF3497C},AA
2,False,{F094B481-EB0A-43B3-9EBB-1A2FA2D5AAE5},{A8C4B89B-F606-487E-B605-2334D514FBA1},10,{717C7AA8-A4D2-4C84-A4CF-CCDF4C0B68AC},AA
2,False,{7EB2D4A8-DD1F-4544-9D36-31757DC79FD0},{A8C4B89B-F606-487E-B605-2334D514FBA1},120,{38D13A6E-3076-42FB-9FCE-62FA33897DA6},AA
2,False,{48752F65-119A-4551-9B38-31E5F881CB10},{A8C4B89B-F606-487E-B605-2334D514FBA1},520,{6D40B0B6-18F4-4139-ADAC-8EC8CB2A17EA},AA
2,False,{1F712505-3FD4-4CD4-92E8-36F17F5D3BE5},{A8C4B89B-F606-487E-B605-2334D514FBA1},70,{0B491E12-C58D-4E47-8A0D-96DD3A8AB395},AA
2,False,{FA8E99F9-D110-4D56-80DD-3C04882D3BA6},{A8C4B89B-F606-487E-B605-2334D514FBA1},160,{38D13A6E-3076-42FB-9FCE-62FA33897DA6},AA
2,False,{B2439AEE-B10F-45DC-96DE-4BA8329AC29C},{A8C4B89B-F606-487E-B605-2334D514FBA1},360,{98E86774-69E3-41EA-B94F-EB2C7A8426D4},AA
2,False,{7135DADC-D81D-4E9A-86E9-530E1CF5EE83},{A8C4B89B-F606-487E-B605-2334D514FBA1},107.5,{1669BEF9-E982-485C-A48B-80CE30193385},AA
2,False,{F863BF03-AE51-42B1-BAFB-534D3236BD98},{A8C4B89B-F606-487E-B605-2334D514FBA1},30,{29D8E453-EE74-405D-ABE1-930728D1F9BA},AA
2,False,{F863BF03-AE51-42B1-BAFB-534D3236BD98},{A8C4B89B-F606-487E-B605-2334D514FBA1},30,{29D8E453-EE74-405D-ABE1-930728D1F9BA},AA
2,False,{4CFA32DB-5061-4979-9F80-5952CD568EFF},{A8C4B89B-F606-487E-B605-2334D514FBA1},130,{1669BEF9-E982-485C-A48B-80CE30193385},AA
2,False,{A1176D62-A562-41F5-B74C-6C9DBE482FDE},{A8C4B89B-F606-487E-B605-2334D514FBA1},370,{6D40B0B6-18F4-4139-ADAC-8EC8CB2A17EA},AA
2,False,{535CD297-702C-4356-9222-722CC863D75A},{A8C4B89B-F606-487E-B605-2334D514FBA1},80,{32130442-2305-4394-9389-CF915B191D2A},AA
2,False,{4528D964-E66C-47AA-A38F-7412287B3E67},{A8C4B89B-F606-487E-B605-2334D514FBA1},500,{6D40B0B6-18F4-4139-ADAC-8EC8CB2A17EA},AA
2,False,{BBAA90EC-6D55-4C0C-92CE-77A7E6C98B64},{A8C4B89B-F606-487E-B605-2334D514FBA1},10,{8A93637D-B507-4667-A739-ADAF6FB5F7EA},AA
2,False,{4FD225DA-363F-4388-A7C6-792FB6EA854B},{A8C4B89B-F606-487E-B605-2334D514FBA1},52.5,{38D13A6E-3076-42FB-9FCE-62FA33897DA6},AA
2,False,{C601AB0D-3D1F-4680-ADA6-93F63FC3EF0C},{A8C4B89B-F606-487E-B605-2334D514FBA1},110,{98E86774-69E3-41EA-B94F-EB2C7A8426D4},AA
2,False,{13E6C7FE-173B-4C1C-8B1D-9B36C8D29215},{A8C4B89B-F606-487E-B605-2334D514FBA1},240,{6D40B0B6-18F4-4139-ADAC-8EC8CB2A17EA},AA
2,False,{1E58715A-1793-4B5A-8F1E-A31A91740C6F},{A8C4B89B-F606-487E-B605-2334D514FBA1},40,{32130442-2305-4394-9389-CF915B191D2A},AA
2,False,{29CBF5F4-4227-4CFF-BD8E-A7851EA7A7EB},{A8C4B89B-F606-487E-B605-2334D514FBA1},35,{38D13A6E-3076-42FB-9FCE-62FA33897DA6},AA
2,False,{E429A3D9-BEDA-455F-A7D0-ADAEEA9CEC47},{A8C4B89B-F606-487E-B605-2334D514FBA1},470,{6D40B0B6-18F4-4139-ADAC-8EC8CB2A17EA},AA
2,False,{056F1BFF-B210-41D4-A7BE-B3BAADC528BE},{A8C4B89B-F606-487E-B605-2334D514FBA1},90,{0B491E12-C58D-4E47-8A0D-96DD3A8AB395},AA
2,False,{8843EB53-7698-4268-87B9-B3FBCB64E392},{A8C4B89B-F606-487E-B605-2334D514FBA1},40,{1669BEF9-E982-485C-A48B-80CE30193385},AA
2,False,{A0BF656D-4B37-44B9-AEA9-BAF654A5A34F},{A8C4B89B-F606-487E-B605-2334D514FBA1},150,{38D13A6E-3076-42FB-9FCE-62FA33897DA6},AA
2,False,{3C476B2B-E06B-4C27-9871-C1B648886EA1},{A8C4B89B-F606-487E-B605-2334D514FBA1},165,{98E86774-69E3-41EA-B94F-EB2C7A8426D4},AA
2,False,{B9EEC008-9821-4AA6-ACCB-C53455C08066},{A8C4B89B-F606-487E-B605-2334D514FBA1},80,{0B491E12-C58D-4E47-8A0D-96DD3A8AB395},AA
2,False,{0C4AAE50-8482-4BCB-ADCE-CC609FC663F1},{A8C4B89B-F606-487E-B605-2334D514FBA1},120,{6D40B0B6-18F4-4139-ADAC-8EC8CB2A17EA},AA
2,False,{262412AB-21EA-4B49-A396-DF599842B410},{A8C4B89B-F606-487E-B605-2334D514FBA1},510,{6D40B0B6-18F4-4139-ADAC-8EC8CB2A17EA},AA
2,False,{5A9B0A8B-544F-4C9C-8D25-E2B73BACCD4E},{A8C4B89B-F606-487E-B605-2334D514FBA1},180,{6D40B0B6-18F4-4139-ADAC-8EC8CB2A17EA},AA
2,False,{D9982DF6-88E8-46DD-AFE6-EA6E7EA38C9A},{A8C4B89B-F606-487E-B605-2334D514FBA1},370,{98E86774-69E3-41EA-B94F-EB2C7A8426D4},AA
2,False,{1E43C903-62FA-4148-8F88-EE9024F5994C},{A8C4B89B-F606-487E-B605-2334D514FBA1},85,{1669BEF9-E982-485C-A48B-80CE30193385},AA
2,False,{739DA228-DE6D-4B1E-9370-F3785F756D07},{A8C4B89B-F606-487E-B605-2334D514FBA1},235,{98E86774-69E3-41EA-B94F-EB2C7A8426D4},AA
2,False,{FE575648-EFDD-480E-8569-F3B19B14DBCB},{A8C4B89B-F606-487E-B605-2334D514FBA1},30,{B731B346-4D68-4796-B797-3E035EF3497C},AA
2,False,{CB6A697E-6EF2-45BA-8D0C-F5427B7732DA},{A8C4B89B-F606-487E-B605-2334D514FBA1},350,{98E86774-69E3-41EA-B94F-EB2C7A8426D4},AA
2,False,{DFB4F234-92D9-4C23-956A-FF85412B7552},{A8C4B89B-F606-487E-B605-2334D514FBA1},100,{0B491E12-C58D-4E47-8A0D-96DD3A8AB395},AA
3,False,{FA8E99F9-D110-4D56-80DD-3C04882D3BA6},{A8C4B89B-F606-487E-B605-2334D514FBA1},250,{98E86774-69E3-41EA-B94F-EB2C7A8426D4},AA
3,False,{F863BF03-AE51-42B1-BAFB-534D3236BD98},{A8C4B89B-F606-487E-B605-2334D514FBA1},30,{29D8E453-EE74-405D-ABE1-930728D1F9BA},AA
3,False,{F863BF03-AE51-42B1-BAFB-534D3236BD98},{A8C4B89B-F606-487E-B605-2334D514FBA1},30,{29D8E453-EE74-405D-ABE1-930728D1F9BA},AA
